id,title,intro,poster,pubdate,url,rating,genres,star,comment,tags,star_time,card
35876191,欢迎来到王之国,,https://dou.img.lithub.cc/movie/35876191.jpg,2023-06-17(韩国),https://movie.douban.com/subject/35876191/,6.5,"喜剧,爱情",4,哎哟，这撒娇，伐得聊！,,2023-07-28 21:07:44,2023 / 韩国 / 喜剧 爱情 / 林贤旭 / 李俊昊 林允儿
35524438,命案,,https://dou.img.lithub.cc/movie/35524438.jpg,2023-04-20(中国香港),https://movie.douban.com/subject/35524438/,7.3,"剧情,犯罪",2,被教育,,2023-07-28 11:01:20,2023 / 中国香港 / 剧情 犯罪 / 郑保瑞 / 林家栋 杨乐文
35705832,八尺门的辩护人,,https://dou.img.lithub.cc/movie/35705832.jpg,2023-07-02(中国台湾),https://movie.douban.com/subject/35705832/,8.5,"剧情,悬疑",4,所以，最后还是sha了？,,2023-07-26 12:55:43,2023 / 中国台湾 / 剧情 悬疑 / 唐福睿 / 李铭顺 范逸臣
35724630,恶鬼,,https://dou.img.lithub.cc/movie/35724630.jpg,2023-06-23(韩国),https://movie.douban.com/subject/35724630/,7.8,"悬疑,惊悚",4,,,2023-07-24 11:03:51,2023 / 韩国 / 悬疑 惊悚 / 李正林 / 金泰梨 吴正世
35056376,惊天营救2,,https://dou.img.lithub.cc/movie/35056376.jpg,2023-06-16(美国网络),https://movie.douban.com/subject/35056376/,7.5,"动作,惊悚",3,黑帮有点菜,,2023-07-22 15:47:23,2023 / 美国 / 动作 惊悚 / 山姆·哈格雷夫 / 克里斯·海姆斯沃斯 格什菲·法拉哈尼
35813934,东北警察故事2,,https://dou.img.lithub.cc/movie/35813934.jpg,2023-07-08(中国大陆网络),https://movie.douban.com/subject/35813934/,7.2,"剧情,动作,犯罪",4,拳拳到肉！,,2023-07-21 08:28:36,2023 / 中国大陆 / 剧情 动作 犯罪 / 秦鹏飞 杨秉佳 / 谢苗 张皓森
35312421,鲸,,https://dou.img.lithub.cc/movie/35312421.jpg,2022-09-04(威尼斯电影节),https://movie.douban.com/subject/35312421/,8,"剧情,同性",4,女儿是生命最后的一道曙光,,2023-07-11 09:53:57,2022 / 美国 / 剧情 同性 / 达伦·阿伦诺夫斯基 / 布兰登·费舍 萨迪·辛克
35807273,犯罪都市3,,https://dou.img.lithub.cc/movie/35807273.jpg,2023-05-31(韩国),https://movie.douban.com/subject/35807273/,6.5,"动作,犯罪",3,配个啤酒，流水片,,2023-07-07 09:15:11,2023 / 韩国 / 动作 犯罪 / 李相龙 / 马东锡 李浚赫
35468745,羊毛战记 第一季,,https://dou.img.lithub.cc/movie/35468745.jpg,2023-05-05(美国),https://movie.douban.com/subject/35468745/,7.8,"剧情,科幻",4,额，10集开了个头！,,2023-07-06 21:51:21,2023 / 美国 / 剧情 科幻 / 莫滕·泰杜姆 / 丽贝卡·弗格森 大卫·奥伊罗
35660795,消失的她,,https://dou.img.lithub.cc/movie/35660795.jpg,2023-06-22(中国大陆),https://movie.douban.com/subject/35660795/,6.4,"悬疑,犯罪",3,嗨剧，被倪妮惊艳,,2023-07-01 07:56:40,2022 / 中国大陆 / 悬疑 犯罪 / 崔睿 刘翔 / 朱一龙 倪妮
35481689,猎犬,,https://dou.img.lithub.cc/movie/35481689.jpg,2023-06-09(韩国),https://movie.douban.com/subject/35481689/,6.8,"剧情,动作,惊悚",3,,,2023-06-23 01:09:58,2023 / 韩国 / 剧情 动作 惊悚 犯罪 运动 / 金周焕 / 禹棹焕 崔始源
35901863,黑镜 第六季,,https://dou.img.lithub.cc/movie/35901863.jpg,2023-06-15(美国),https://movie.douban.com/subject/35901863/,7.1,"剧情,科幻,悬疑",4,黑到什么程度，看就是,,2023-06-18 13:45:04,2023 / 美国 / 剧情 科幻 悬疑 惊悚 / 阿丽·潘基乌 萨姆·米勒 约翰·克劳利 乌塔·布里兹维茨 托比·海恩斯 / 安妮·墨菲 萨尔玛·海耶克
27305997,椒麻堂会,,https://dou.img.lithub.cc/movie/27305997.jpg,2021-08-13(洛迦诺国际电影节),https://movie.douban.com/subject/27305997/,8.6,剧情,4,能看到就是幸运。,,2023-06-10 22:58:00,2021 / 中国香港 法国 / 剧情 / 邱炯炯 / 易思成 关南
34941536,宇宙探索编辑部,,https://dou.img.lithub.cc/movie/34941536.jpg,2023-04-01(中国大陆),https://movie.douban.com/subject/34941536/,8,"喜剧,科幻",3,充满幻象与隐喻，没怎么懂,,2023-05-13 15:40:11,2021 / 中国大陆 / 喜剧 科幻 / 孔大山 / 杨皓宇 艾丽娅
35588177,漫长的季节,,https://dou.img.lithub.cc/movie/35588177.jpg,2023-04-22(中国大陆),https://movie.douban.com/subject/35588177/,9.4,"剧情,家庭,犯罪",5,苦,,2023-05-02 23:15:44,2023 / 中国大陆 / 剧情 家庭 犯罪 / 辛爽 / 范伟 秦昊
36053200,锵锵行天下 第三季,,https://dou.img.lithub.cc/movie/36053200.jpg,2023-03-09(中国大陆),https://movie.douban.com/subject/36053200/,9.4,脱口秀,4,文化一直都在,,2023-04-08 13:05:31,2023 / 中国大陆 / 脱口秀 / 窦文涛 / 窦文涛 许子东
35521951,杀死福顺,,https://dou.img.lithub.cc/movie/35521951.jpg,2023-02-18(柏林国际电影节),https://movie.douban.com/subject/35521951/,6.7,"动作,惊悚",3,,,2023-04-05 13:38:18,2023 / 韩国 / 动作 惊悚 / 边圣铉 / 全度妍 李絮
35651927,模仿犯,,https://dou.img.lithub.cc/movie/35651927.jpg,2023-03-31(中国台湾),https://movie.douban.com/subject/35651927/,7.3,"剧情,悬疑,犯罪",3,,,2023-04-04 17:47:09,2023 / 中国台湾 / 剧情 悬疑 犯罪 / 张荣吉 张亨如 / 吴慷仁 柯佳嬿
35873870,他是谁,,https://dou.img.lithub.cc/movie/35873870.jpg,2023-03-14(中国大陆),https://movie.douban.com/subject/35873870/,5.7,"剧情,悬疑,犯罪",2,他是谁，谁关心,,2023-04-04 17:46:53,2023 / 中国大陆 / 剧情 悬疑 犯罪 / 鲍成志 / 张译 陈雨锶
35203206,虽然只是弄丢了手机,,https://dou.img.lithub.cc/movie/35203206.jpg,2023-02-17(韩国网络),https://movie.douban.com/subject/35203206/,6.4,"剧情,悬疑,惊悚",2,杀手就这么GG啦？,,2023-02-21 19:20:35,2023 / 韩国 / 剧情 悬疑 惊悚 / 金泰俊 / 任时完 千玗嬉
35891669,我在岛屿读书,,https://dou.img.lithub.cc/movie/35891669.jpg,2022-11-10(中国大陆),https://movie.douban.com/subject/35891669/,9.1,真人秀,5,经典书的前提是常销书。,,2023-02-17 23:22:52,2022 / 中国大陆 / 真人秀 / 余华 苏童
35244291,命定之人,,https://dou.img.lithub.cc/movie/35244291.jpg,2022-11-18(韩国),https://movie.douban.com/subject/35244291/,7.1,"悬疑,惊悚",3,倚门说，我想要。,,2023-02-17 21:02:26,2022 / 韩国 / 悬疑 惊悚 / 郑址宇 / 金英光 姜海琳
26647087,三体,,https://dou.img.lithub.cc/movie/26647087.jpg,2023-01-15(中国大陆),https://movie.douban.com/subject/26647087/,8.7,"剧情,科幻",5,用心了！,,2023-02-11 21:22:33,2023 / 中国大陆 / 剧情 科幻 / 杨磊 / 张鲁一 于和伟
35314632,黑暗荣耀,,https://dou.img.lithub.cc/movie/35314632.jpg,2022-12-30(韩国),https://movie.douban.com/subject/35314632/,8.9,剧情,4,,,2023-02-02 14:33:43,2022 / 韩国 / 剧情 / 安吉镐 / 宋慧乔 李到晛
35674355,中国奇谭,,https://dou.img.lithub.cc/movie/35674355.jpg,2023-01-01(中国大陆),https://movie.douban.com/subject/35674355/,8.7,"动画,短片,奇幻",5,当代寓言,,2023-02-02 14:33:16,2023 / 中国大陆 / 动画 短片 奇幻 / 陈廖宇 於水 胡睿 杨木 刘毛宁 陈莲华 徐宁 顾杨 刘旷 潘斌
35267208,流浪地球2,,https://dou.img.lithub.cc/movie/35267208.jpg,2023-01-22(中国大陆),https://movie.douban.com/subject/35267208/,8.3,"科幻,冒险,灾难",5,抛开主题，为特效打工人打满分,,2023-02-02 14:31:11,2023 / 中国大陆 / 科幻 冒险 灾难 / 郭帆 / 吴京 刘德华
35465232,狂飙,,https://dou.img.lithub.cc/movie/35465232.jpg,2023-01-14(中国大陆),https://movie.douban.com/subject/35465232/,8.5,"剧情,犯罪",4,现实可没那么美好,,2023-02-02 14:30:29,2023 / 中国大陆 / 剧情 犯罪 / 徐纪周 / 张译 张颂文
35662223,去有风的地方,,https://dou.img.lithub.cc/movie/35662223.jpg,2023-01-03(中国大陆),https://movie.douban.com/subject/35662223/,8.6,"剧情,爱情",4,不论剧情，论发量和脸蛋！,,2023-01-07 16:29:47,2023 / 中国大陆 / 剧情 爱情 / 丁梓光 / 刘亦菲 李现
35875029,我们民谣2022,,https://dou.img.lithub.cc/movie/35875029.jpg,2022-12-23(中国大陆),https://movie.douban.com/subject/35875029/,7.5,"音乐,真人秀",4,,,2022-12-26 00:07:13,2022 / 中国大陆 / 音乐 真人秀 / 姜滨 / 李宇春 张亚东
35814636,塔尔萨之王 第一季,,https://dou.img.lithub.cc/movie/35814636.jpg,2022-11-13(美国),https://movie.douban.com/subject/35814636/,8.5,"剧情,犯罪",4,,,2022-12-19 16:30:16,2022 / 美国 / 剧情 犯罪 / 本杰明·塞曼诺夫 艾伦·考特勒 / 西尔维斯特·史泰龙 加内特·赫德兰
30291070,财阀家的小儿子,,https://dou.img.lithub.cc/movie/30291070.jpg,2022-11-18(韩国),https://movie.douban.com/subject/30291070/,7.1,"剧情,爱情,奇幻",4,,,2022-12-19 16:29:52,2022 / 韩国 / 剧情 爱情 奇幻 / 郑大允 / 宋仲基 李星民
34444648,三体,,https://dou.img.lithub.cc/movie/34444648.jpg,2022-12-10(中国大陆),https://movie.douban.com/subject/34444648/,3.8,"剧情,科幻,动画",2,,,2022-12-19 16:29:35,2022 / 中国大陆 / 剧情 科幻 动画 / 林铭浩 / 马正阳 范哲琛
26654184,万里归途,,https://dou.img.lithub.cc/movie/26654184.jpg,2022-09-30(中国大陆),https://movie.douban.com/subject/26654184/,7.2,"剧情,战争",3,,,2022-12-19 16:28:43,2022 / 中国大陆 / 剧情 战争 / 饶晓志 / 张译 王俊凯
6011805,一九四二,,https://dou.img.lithub.cc/movie/6011805.jpg,2012-11-29(中国大陆),https://movie.douban.com/subject/6011805/,8.1,"剧情,历史,战争",4,,,2022-12-19 16:28:01,2012 / 中国大陆 / 剧情 历史 战争 灾难 / 冯小刚 / 张国立 张默
35161592,风吹半夏,,https://dou.img.lithub.cc/movie/35161592.jpg,2022-11-27(中国大陆),https://movie.douban.com/subject/35161592/,8.2,"剧情,爱情",4,80年代、90年代，热气腾腾。,,2022-12-10 09:54:44,2022 / 中国大陆 / 剧情 爱情 / 傅东育 毛溦 / 赵丽颖 欧豪
35441582,6/45,,https://dou.img.lithub.cc/movie/35441582.jpg,2022-08-24(韩国),https://movie.douban.com/subject/35441582/,7.6,"剧情,喜剧",4,,,2022-12-08 22:23:13,2022 / 韩国 / 剧情 喜剧 / 朴奎泰 / 高庚杓 李伊庚
30378843,1899,,https://dou.img.lithub.cc/movie/30378843.jpg,2022-11-17(德国),https://movie.douban.com/subject/30378843/,6.7,"剧情,科幻,悬疑",2,什么玩意儿，自个儿玩自个儿？,,2022-11-19 23:19:19,2022 / 德国 美国 / 剧情 科幻 悬疑 恐怖 / 巴伦·博·欧达尔 / 艾米丽·比查姆 阿奈林·巴纳德
35652715,杰伊·比姆,,https://dou.img.lithub.cc/movie/35652715.jpg,2021-11-02(印度),https://movie.douban.com/subject/35652715/,8.7,"剧情,犯罪",5,这，如此显然的诬陷，竟然盛行！,,2022-08-23 10:12:03,2021 / 印度 / 剧情 犯罪 / 塔·塞·纳纳维尔 / 苏利耶·西瓦库马 Lijo Mol Jose
30267287,犯罪都市2,,https://dou.img.lithub.cc/movie/30267287.jpg,2022-05-18(韩国),https://movie.douban.com/subject/30267287/,7.5,"动作,犯罪",3,走过去，拿走凶器！,,2022-08-22 19:58:42,2022 / 韩国 / 动作 犯罪 / 李相龙 / 马东锡 孙锡久
6893932,壮志凌云2：独行侠,,https://dou.img.lithub.cc/movie/6893932.jpg,2022-05-18(戛纳电影节),https://movie.douban.com/subject/6893932/,8,动作,4,爽片，爽就对了！,,2022-08-22 19:58:06,2022 / 美国 中国大陆 / 动作 / 约瑟夫·科辛斯基 / 汤姆·克鲁斯 詹妮弗·康纳利
35056243,十三条命,,https://dou.img.lithub.cc/movie/35056243.jpg,2022-07-29(美国),https://movie.douban.com/subject/35056243/,8.5,"剧情,惊悚,传记",4,,,2022-08-22 19:57:40,2022 / 美国 加拿大 英国 / 剧情 惊悚 传记 / 朗·霍华德 / 维果·莫腾森 科林·法瑞尔
35042913,西部世界 第四季,,https://dou.img.lithub.cc/movie/35042913.jpg,2022-06-26(美国),https://movie.douban.com/subject/35042913/,7.8,"剧情,科幻,悬疑",5,等最后一集,,2022-08-08 22:58:10,2022 / 美国 / 剧情 科幻 悬疑 / 克雷格·麦克尼尔 理查德·J·刘易斯 保罗·卡梅隆 汉内尔 M.卡普珀 蜜拉·梅农 安德鲁·塞克利尔 / 埃文·蕾切尔·伍德 坦迪·牛顿
35882880,宿敌,,https://dou.img.lithub.cc/movie/35882880.jpg,2022-04-28(印度),https://movie.douban.com/subject/35882880/,8.6,剧情,4,,,2022-08-05 22:12:27,2022 / 印度 / 剧情 / Dijo Jose Antony / 普利特维拉吉·苏库玛兰 玛玛塔·莫汉达斯
35374060,救命卡特,,https://dou.img.lithub.cc/movie/35374060.jpg,2022-08-05(韩国网络),https://movie.douban.com/subject/35374060/,5.5,"动作,惊悚",1,要吐，生理的吐,,2022-08-05 22:03:54,2022 / 韩国 / 动作 惊悚 / 郑秉吉 / 周元 李成宰
35524221,绝命空间站,,https://dou.img.lithub.cc/movie/35524221.jpg,2022-07-01(美国),https://movie.douban.com/subject/35524221/,4.7,"科幻,惊悚",1,什么？,,2022-08-05 21:55:13,2022 / 奥地利 / 科幻 惊悚 / Magdalena Lauritsch / Julia Franz Richter 乔治·布莱顿
34603375,史前星球 第一季,,https://dou.img.lithub.cc/movie/34603375.jpg,2022-05-23(美国),https://movie.douban.com/subject/34603375/,9.3,"动画,纪录片,历史",5,好看之后的无限崇敬！,,2022-08-05 16:15:11,2022 / 美国 英国 / 动画 纪录片 历史 / 亚当·瓦德兹 安德鲁·R·琼斯 / 大卫·爱登堡
30443443,生化危机,,https://dou.img.lithub.cc/movie/30443443.jpg,2022-07-14(美国),https://movie.douban.com/subject/30443443/,4.3,"动作,科幻,惊悚",1,这是啥？,,2022-08-01 20:22:41,2022 / 美国 / 动作 科幻 惊悚 恐怖 / 蕾切尔·高德伯格 布朗温·休斯 罗布·西登格兰茨 巴坦·席尔瓦 / 埃拉·巴林斯卡 兰斯·莱迪克
30155209,双重幻想,,https://dou.img.lithub.cc/movie/30155209.jpg,2018-06-16(日本),https://movie.douban.com/subject/30155209/,7.7,剧情,4,代入感强,,2022-08-01 20:21:56,2018 / 日本 / 剧情 / 御法川修 / 水川麻美 田中圭
1309059,艺伎回忆录,,https://dou.img.lithub.cc/movie/1309059.jpg,2005-12-10(日本),https://movie.douban.com/subject/1309059/,7.6,"剧情,爱情",3,小白合,,2022-07-20 09:07:59,2005 / 美国 / 剧情 爱情 / 罗伯·马歇尔 / 章子怡 渡边谦
34850561,咒,,https://dou.img.lithub.cc/movie/34850561.jpg,2022-03-18(中国台湾),https://movie.douban.com/subject/34850561/,6.9,恐怖,2,黑底白色后的纯白高亮，眼瞎！,,2022-07-09 11:24:06,2022 / 中国台湾 / 恐怖 / 柯孟融 / 蔡亘晏 黄歆庭
34963448,终极名单 第一季,,https://dou.img.lithub.cc/movie/34963448.jpg,2022-07-01(美国),https://movie.douban.com/subject/34963448/,8.3,"动作,惊悚",5,赤果果的打工仔复仇记,,2022-07-07 19:48:03,2022 / 美国 / 动作 惊悚 / 弗雷德·托耶 西尔维恩·怀特 迈克尔·巴塞特 安东尼·福奎阿 / 克里斯·帕拉特 吴恬敏
30451909,蜘蛛头,,https://dou.img.lithub.cc/movie/30451909.jpg,2022-06-17(美国网络),https://movie.douban.com/subject/30451909/,4.9,"科幻,惊悚,犯罪",2,,,2022-06-18 08:48:36,2022 / 美国 / 科幻 惊悚 犯罪 / 约瑟夫·科辛斯基 / 克里斯·海姆斯沃斯 迈尔斯·特勒
3711760,倩女幽魂,,https://dou.img.lithub.cc/movie/3711760.jpg,2011-04-19(中国大陆),https://movie.douban.com/subject/3711760/,5.5,"剧情,惊悚,奇幻",3,,,2022-06-11 08:35:22,2011 / 中国大陆 中国香港 / 剧情 惊悚 奇幻 古装 / 叶伟信 / 刘亦菲 古天乐
35809022,回到太空,,https://dou.img.lithub.cc/movie/35809022.jpg,2022-04-07(美国),https://movie.douban.com/subject/35809022/,8.6,纪录片,5,成了，还故意爆炸收集数据！,,2022-05-17 20:33:49,2022 / 美国 / 纪录片 / 伊丽莎白·柴·瓦沙瑞莉 金国威 / 伊隆·马斯克
34885342,人生切割术 第一季,,https://dou.img.lithub.cc/movie/34885342.jpg,2022-02-18(美国),https://movie.douban.com/subject/34885342/,9.1,"剧情,科幻,悬疑",4,恐！,,2022-05-17 20:32:52,2022 / 美国 / 剧情 科幻 悬疑 惊悚 / 本·斯蒂勒 伊费·麦卡德尔 / 亚当·斯科特 扎克·切利
1302425,喜剧之王,,https://dou.img.lithub.cc/movie/1302425.jpg,1999-02-13(中国香港),https://movie.douban.com/subject/1302425/,8.8,"剧情,喜剧,爱情",5,努力，奋斗…（飘飘）,,2022-05-01 11:02:02,1999 / 中国香港 / 剧情 喜剧 爱情 / 周星驰 李力持 / 周星驰 张柏芝
35206186,诡扯,,https://dou.img.lithub.cc/movie/35206186.jpg,2021-11-12(中国台湾),https://movie.douban.com/subject/35206186/,6.8,"喜剧,恐怖",3,别认真，看看而已,,2022-04-15 20:47:23,2021 / 中国台湾 / 喜剧 恐怖 / 许富翔 / 陈柏霖 陈以文
26334993,科比的缪斯,,https://dou.img.lithub.cc/movie/26334993.jpg,2015-02-21(美国),https://movie.douban.com/subject/26334993/,9.2,"纪录片,传记,运动",5,太遗憾,,2022-04-15 16:07:10,2015 / 美国 / 纪录片 传记 运动 / Gotham Chopra / 科比·布莱恩特 凡妮莎·莱茵·布莱恩特
34810452,一人露营,,https://dou.img.lithub.cc/movie/34810452.jpg,2019-10-18(日本),https://movie.douban.com/subject/34810452/,8.4,剧情,4,配合宵夜最适宜,,2022-04-05 08:24:51,2019 / 日本 / 剧情 / 横滨聪子 富永昌敬 / 三浦贵大 夏帆
35307437,猎罪图鉴,,https://dou.img.lithub.cc/movie/35307437.jpg,2022-03-06(中国大陆),https://movie.douban.com/subject/35307437/,7.5,"悬疑,犯罪",3,所以，那个女的是？,,2022-04-02 22:42:08,2022 / 中国大陆 / 悬疑 犯罪 / 邢键钧 / 檀健次 金世佳
35215390,狙击手,,https://dou.img.lithub.cc/movie/35215390.jpg,2022-02-01(中国大陆),https://movie.douban.com/subject/35215390/,7.7,"剧情,历史,战争",4,太难了,,2022-04-02 22:39:38,2022 / 中国大陆 / 剧情 历史 战争 / 张艺谋 张末 / 陈永胜 章宇
30481476,国王理查德,,https://dou.img.lithub.cc/movie/30481476.jpg,2021-09-02(特柳赖德电影节),https://movie.douban.com/subject/30481476/,7.4,"剧情,传记,运动",3,真实事件,,2022-03-31 19:41:45,2021 / 美国 / 剧情 传记 运动 / 雷纳尔多·马库斯·格林 / 威尔·史密斯 黛米·辛格顿
26825482,月球陨落,,https://dou.img.lithub.cc/movie/26825482.jpg,2022-03-25(中国大陆),https://movie.douban.com/subject/26825482/,5.2,"科幻,灾难",2,这CG好熟悉,,2022-03-31 19:37:01,2022 / 美国 中国大陆 英国 / 科幻 灾难 / 罗兰·艾默里奇 / 哈莉·贝瑞 帕特里克·威尔森
34953719,黑匣子,,https://dou.img.lithub.cc/movie/34953719.jpg,2020-11-08(阿拉斯电影节),https://movie.douban.com/subject/34953719/,7.6,"剧情,悬疑,惊悚",4,,,2022-03-23 23:22:57,2020 / 法国 比利时 / 剧情 悬疑 惊悚 / 雅恩·戈斯兰 / 皮埃尔·尼内 璐·德·拉格
26933210,蜘蛛侠：英雄无归,,https://dou.img.lithub.cc/movie/26933210.jpg,2021-12-15(中国台湾),https://movie.douban.com/subject/26933210/,6.6,"动作,科幻,奇幻",2,两个多小时过了个渡，开启多元宇宙,,2022-03-22 22:57:09,2021 / 美国 / 动作 科幻 奇幻 冒险 / 乔·沃茨 / 汤姆·赫兰德 赞达亚
30359376,美国女孩,,https://dou.img.lithub.cc/movie/30359376.jpg,2021-12-03(中国台湾),https://movie.douban.com/subject/30359376/,7.3,"剧情,家庭",3,,,2022-03-17 20:39:13,2021 / 中国台湾 / 剧情 家庭 / 阮凤仪 / 林嘉欣 庄凯勋
34851292,我的智能情人,,https://dou.img.lithub.cc/movie/34851292.jpg,2020-02-07(韩国),https://movie.douban.com/subject/34851292/,7.6,"爱情,科幻",3,,,2022-02-24 23:01:20,2020 / 韩国 / 爱情 科幻 / 李尚烨 / 尹贤旻 高圣熙
34884712,不要抬头,,https://dou.img.lithub.cc/movie/34884712.jpg,2021-12-10(美国),https://movie.douban.com/subject/34884712/,7.6,"喜剧,科幻",4,666,,2022-02-14 22:44:55,2021 / 美国 / 喜剧 科幻 / 亚当·麦凯 / 莱昂纳多·迪卡普里奥 詹妮弗·劳伦斯
35376457,爱情神话,,https://dou.img.lithub.cc/movie/35376457.jpg,2021-12-24(中国大陆),https://movie.douban.com/subject/35376457/,8.1,"剧情,喜剧,爱情",4,动容在细节。,,2022-02-14 22:44:30,2021 / 中国大陆 / 剧情 喜剧 爱情 / 邵艺辉 / 徐峥 马伊琍
35422807,扬名立万,,https://dou.img.lithub.cc/movie/35422807.jpg,2021-11-11(中国大陆),https://movie.douban.com/subject/35422807/,7.4,"剧情,喜剧,悬疑",2,啊？原来被嘲讽了,,2022-02-14 22:44:04,2021 / 中国大陆 / 剧情 喜剧 悬疑 / 刘循子墨 / 尹正 邓家佳
35144311,雄狮少年,,https://dou.img.lithub.cc/movie/35144311.jpg,2021-12-17(中国大陆),https://movie.douban.com/subject/35144311/,8.3,"剧情,喜剧,动画",4,如梦一场，除搬砖,,2022-02-14 22:40:31,2021 / 中国大陆 / 剧情 喜剧 动画 / 孙海鹏 / 大昕 大雄
35550794,华灯初上 第二季,,https://dou.img.lithub.cc/movie/35550794.jpg,2021-12-30(中国台湾),https://movie.douban.com/subject/35550794/,7.2,"剧情,爱情,犯罪",4,,,2022-01-05 22:43:23,2021 / 中国台湾 / 剧情 爱情 犯罪 / 连奕琦 / 林心如 杨谨华
33457594,摩加迪沙,,https://dou.img.lithub.cc/movie/33457594.jpg,2021-07-28(韩国),https://movie.douban.com/subject/33457594/,8.1,"剧情,动作",4,大拇指,,2021-12-25 08:40:06,2021 / 韩国 / 剧情 动作 / 柳昇完 / 金允石 赵寅成
20276229,007：无暇赴死,,https://dou.img.lithub.cc/movie/20276229.jpg,2021-10-29(中国大陆),https://movie.douban.com/subject/20276229/,6.6,"动作,惊悚,冒险",4,给场面和女主！,,2021-12-25 08:39:21,2021 / 英国 美国 / 动作 惊悚 冒险 / 凯瑞·福永 / 丹尼尔·克雷格 蕾雅·赛杜
3001114,沙丘,,https://dou.img.lithub.cc/movie/3001114.jpg,2021-10-22(美国/中国大陆),https://movie.douban.com/subject/3001114/,7.7,"剧情,科幻,冒险",3,宏大的世界，2个半小时才开个头,,2021-12-25 08:37:16,2021 / 美国 / 剧情 科幻 冒险 / 丹尼斯·维伦纽瓦 / 提莫西·查拉梅 丽贝卡·弗格森
26897885,芬奇,,https://dou.img.lithub.cc/movie/26897885.jpg,2021-11-05(美国),https://movie.douban.com/subject/26897885/,8.4,"剧情,科幻",4,父与子,,2021-12-25 08:35:43,2021 / 美国 / 剧情 科幻 / 米格尔·萨普什尼克 / 汤姆·汉克斯 卡赖伯·兰德里·琼斯
30382416,毒液2,,https://dou.img.lithub.cc/movie/30382416.jpg,2021-10-01(美国),https://movie.douban.com/subject/30382416/,5,"动作,科幻,惊悚",2,一点不爆米花,,2021-12-25 08:35:14,2021 / 美国 中国大陆 / 动作 科幻 惊悚 / 安迪·瑟金斯 / 汤姆·哈迪 伍迪·哈里森
34801038,黑客帝国：矩阵重启,,https://dou.img.lithub.cc/movie/34801038.jpg,2022-01-14(中国大陆),https://movie.douban.com/subject/34801038/,5.7,"动作,科幻",3,怀旧,,2021-12-25 08:33:53,2021 / 美国 / 动作 科幻 / 拉娜·沃卓斯基 / 基努·里维斯 凯瑞-安·莫斯
35180907,谁是凶手,,https://dou.img.lithub.cc/movie/35180907.jpg,2021-12-05(中国大陆),https://movie.douban.com/subject/35180907/,6.2,"悬疑,犯罪",3,哎，这真凶，竟然不是男女主,,2021-12-22 21:12:20,2021 / 中国大陆 / 悬疑 犯罪 / 孙皓 / 赵丽颖 肖央
26954859,兰心大剧院,,https://dou.img.lithub.cc/movie/26954859.jpg,2021-10-15(中国大陆),https://movie.douban.com/subject/26954859/,7.2,剧情,3,,,2021-11-06 22:45:10,2019 / 中国大陆 / 剧情 / 娄烨 / 巩俐 赵又廷
34806351,富豪谷底求翻身 第一季,,https://dou.img.lithub.cc/movie/34806351.jpg,2019-08-06(美国),https://movie.douban.com/subject/34806351/,9.1,真人秀,4,,,2021-11-06 09:14:40,2019 / 美国 / 真人秀 / Glenn Stearns
1291546,霸王别姬,,https://dou.img.lithub.cc/movie/1291546.jpg,1993-07-26(中国大陆),https://movie.douban.com/subject/1291546/,9.6,"剧情,爱情,同性",5,悲剧,,2021-07-25 20:24:19,1993 / 中国大陆 中国香港 / 剧情 爱情 同性 / 陈凯歌 / 张国荣 张丰毅
35027568,窥探,,https://dou.img.lithub.cc/movie/35027568.jpg,2021-03-03(韩国),https://movie.douban.com/subject/35027568/,8.7,"剧情,悬疑,犯罪",4,,,2021-03-13 16:58:35,2021 / 韩国 / 剧情 悬疑 犯罪 / 崔俊裴 / 李昇基 李熙俊
34902639,同学麦娜丝,,https://dou.img.lithub.cc/movie/34902639.jpg,2020-11-20(中国台湾),https://movie.douban.com/subject/34902639/,7.9,"剧情,喜剧",3,作了！,,2021-02-22 23:01:07,2020 / 中国台湾 / 剧情 喜剧 / 黄信尧 / 施名帅 郑人硕
34841067,你好，李焕英,,https://dou.img.lithub.cc/movie/34841067.jpg,2021-02-12(中国大陆),https://movie.douban.com/subject/34841067/,7.7,"剧情,喜剧,奇幻",4,甩梗自然，情绪渲染克制,,2021-02-19 08:15:12,2021 / 中国大陆 / 剧情 喜剧 奇幻 / 贾玲 / 贾玲 张小斐
27619748,唐人街探案3,,https://dou.img.lithub.cc/movie/27619748.jpg,2021-02-12(中国大陆),https://movie.douban.com/subject/27619748/,5.3,"喜剧,悬疑",1,无耻,,2021-02-16 16:29:33,2021 / 中国大陆 中国香港 日本 / 喜剧 悬疑 / 陈思诚 / 王宝强 刘昊然
5132228,黑客帝国：重访矩阵幕后制作纪录,,https://dou.img.lithub.cc/movie/5132228.jpg,2001-09-21(美国),https://movie.douban.com/subject/5132228/,9.2,纪录片,4,,,2021-01-26 23:02:14,2001 / 美国 / 纪录片 / 乔什·奥雷克 / 基努·里维斯 凯瑞-安·莫斯
1302467,黑客帝国3：矩阵革命,,https://dou.img.lithub.cc/movie/1302467.jpg,2003-11-05(中国大陆),https://movie.douban.com/subject/1302467/,8.8,"动作,科幻",4,,,2021-01-26 23:02:00,2003 / 美国 / 动作 科幻 / 拉娜·沃卓斯基 莉莉·沃卓斯基 / 基努·里维斯 劳伦斯·菲什伯恩
1291843,黑客帝国,,https://dou.img.lithub.cc/movie/1291843.jpg,2000-01-14(中国大陆),https://movie.douban.com/subject/1291843/,9.1,"动作,科幻",5,重看，启示般的存在！,,2021-01-26 22:59:22,1999 / 美国 / 动作 科幻 / 莉莉·沃卓斯基 拉娜·沃卓斯基 / 基努·里维斯 劳伦斯·菲什伯恩
35275115,2020去死,,https://dou.img.lithub.cc/movie/35275115.jpg,2020-12-27(美国网络),https://movie.douban.com/subject/35275115/,7.3,喜剧,3,,,2021-01-22 21:59:31,2020 / 美国 / 喜剧 / 阿尔·坎贝尔 Alice Mathias / 塞缪尔·杰克逊 休·格兰特
2609258,芝加哥七君子审判,,https://dou.img.lithub.cc/movie/2609258.jpg,2020-09-25(美国),https://movie.douban.com/subject/2609258/,8.6,"剧情,历史",5,,,2020-12-05 23:01:23,2020 / 美国 英国 印度 / 剧情 历史 / 艾伦·索金 / 埃迪·雷德梅恩 艾利克斯·夏普
24697949,半泽直树,,https://dou.img.lithub.cc/movie/24697949.jpg,2013-07-07(日本),https://movie.douban.com/subject/24697949/,9.2,剧情,5,无脑5星！,,2020-11-29 21:34:40,2013 / 日本 / 剧情 / 福泽克雄 棚泽孝义 田中健太 / 堺雅人 上户彩
33447642,沉默的真相,,https://dou.img.lithub.cc/movie/33447642.jpg,2020-09-16(中国大陆),https://movie.douban.com/subject/33447642/,9,"剧情,悬疑,犯罪",5,能上映不容易！,,2020-11-29 21:33:58,2020 / 中国大陆 / 剧情 悬疑 犯罪 / 陈奕甫 / 廖凡 白宇
32579283,后翼弃兵,,https://dou.img.lithub.cc/movie/32579283.jpg,2020-10-23(美国),https://movie.douban.com/subject/32579283/,9,剧情,5,,,2020-11-29 21:33:19,2020 / 美国 / 剧情 / 斯科特·弗兰克 / 安雅·泰勒-乔伊 伊斯拉·约翰斯顿
30176393,误杀,,https://dou.img.lithub.cc/movie/30176393.jpg,2019-12-13(中国大陆),https://movie.douban.com/subject/30176393/,7.5,"剧情,悬疑,犯罪",3,应该不看原版的……,,2020-11-29 21:31:05,2019 / 中国大陆 / 剧情 悬疑 犯罪 / 柯汶利 / 肖央 谭卓
30271841,多哥,,https://dou.img.lithub.cc/movie/30271841.jpg,2019-12-20(美国),https://movie.douban.com/subject/30271841/,8.8,"剧情,冒险",5,,,2020-11-29 21:30:33,2019 / 美国 / 剧情 冒险 / 埃里克松·科尔 / 威廉·达福 朱丽安妮·尼科尔森
30444960,信条,,https://dou.img.lithub.cc/movie/30444960.jpg,2020-09-04(中国大陆),https://movie.douban.com/subject/30444960/,7.6,"剧情,动作,科幻",5,时间钳形攻击！,,2020-11-29 21:29:41,2020 / 美国 英国 / 剧情 动作 科幻 / 克里斯托弗·诺兰 / 约翰·大卫·华盛顿 罗伯特·帕丁森
26754233,八佰,,https://dou.img.lithub.cc/movie/26754233.jpg,2020-08-21(中国大陆),https://movie.douban.com/subject/26754233/,7.5,"剧情,历史,战争",2,想说什么？！,,2020-11-29 21:28:57,2020 / 中国大陆 / 剧情 历史 战争 / 管虎 / 王千源 张译
25907124,姜子牙,,https://dou.img.lithub.cc/movie/25907124.jpg,2020-10-01(中国大陆),https://movie.douban.com/subject/25907124/,6.6,"剧情,动画,奇幻",3,纯碎给特效！,,2020-11-29 21:28:02,2020 / 中国大陆 / 剧情 动画 奇幻 / 程腾 李炜 / 郑希 杨凝
30346025,电话,,https://dou.img.lithub.cc/movie/30346025.jpg,2020-11-27(韩国网络),https://movie.douban.com/subject/30346025/,7.6,"剧情,悬疑,惊悚",4,恶，比她娘还恶！,,2020-11-29 21:27:25,2020 / 韩国 / 剧情 悬疑 惊悚 / 李聪贤 / 朴信惠 全钟瑞
34861170,虽然是精神病但没关系,,https://dou.img.lithub.cc/movie/34861170.jpg,2020-06-20(韩国),https://movie.douban.com/subject/34861170/,8.4,"剧情,爱情",5,奈飞开遍全球！,,2020-07-17 09:13:54,2020 / 韩国 / 剧情 爱情 / 朴信宇 / 金秀贤 徐睿知
26871906,灰猎犬号,,https://dou.img.lithub.cc/movie/26871906.jpg,2020-07-10(美国),https://movie.douban.com/subject/26871906/,7.8,"剧情,战争",3,,,2020-07-11 09:47:21,2020 / 美国 加拿大 中国大陆 / 剧情 战争 / 亚伦·施耐德 / 汤姆·汉克斯 斯蒂芬·格拉汉姆
30458970,终生 第一季,,https://dou.img.lithub.cc/movie/30458970.jpg,2020-02-11(美国),https://movie.douban.com/subject/30458970/,8.2,剧情,4,真不敢相信主角能活一整季,,2020-07-08 22:32:18,2020 / 美国 / 剧情 / 罗素李范恩 吉列尔莫·纳瓦罗 / 尼古拉斯·平诺克 因迪拉·瓦玛
33404425,隐秘的角落,,https://dou.img.lithub.cc/movie/33404425.jpg,2020-06-16(中国大陆),https://movie.douban.com/subject/33404425/,8.8,"剧情,悬疑,犯罪",5,朝阳 = 东升2.0，你选择相信童话还是真相？,,2020-06-27 12:25:19,2020 / 中国大陆 / 剧情 悬疑 犯罪 / 辛爽 / 秦昊 王景春
33477335,正常人,,https://dou.img.lithub.cc/movie/33477335.jpg,2020-12-25(中国大陆),https://movie.douban.com/subject/33477335/,8.5,"剧情,爱情",5,虐,,2020-05-17 11:57:47,2020 / 爱尔兰 英国 美国 / 剧情 爱情 / 伦尼·阿伯拉罕森 希提·麦克唐纳 / 黛西·埃德加-琼斯 保罗·麦斯卡
35014718,风味人间 第二季,,https://dou.img.lithub.cc/movie/35014718.jpg,2020-04-26(中国大陆),https://movie.douban.com/subject/35014718/,9,纪录片,5,,,2020-05-09 22:31:21,2020 / 中国大陆 / 纪录片 / 陈晓卿 李勇 / 李立宏
30223100,最后的舞动,,https://dou.img.lithub.cc/movie/30223100.jpg,2020-04-19(美国),https://movie.douban.com/subject/30223100/,9.6,"纪录片,运动",5,,,2020-04-24 23:16:56,2020 / 美国 / 纪录片 运动 / 杰森·海希尔 / 迈克尔·乔丹 斯科蒂·皮蓬
30182726,狩猎,,https://dou.img.lithub.cc/movie/30182726.jpg,2020-03-13(美国),https://movie.douban.com/subject/30182726/,7.4,"动作,惊悚",3,排除隐喻，真没啥,,2020-04-17 22:00:14,2020 / 美国 日本 / 动作 惊悚 / 克雷格·卓贝 / 贝蒂·吉尔平 希拉里·斯万克
34805219,饥饿站台,,https://dou.img.lithub.cc/movie/34805219.jpg,2019-09-06(多伦多电影节),https://movie.douban.com/subject/34805219/,7.9,"科幻,惊悚",4,总有人想改变，结果先被童话,,2020-04-09 23:26:11,2019 / 西班牙 / 科幻 惊悚 / 加尔德·加兹特鲁·乌鲁蒂亚 / 伊万·马萨格 佐伦·伊格
34911053,纸钞屋 第四季,,https://dou.img.lithub.cc/movie/34911053.jpg,2020-04-03(西班牙),https://movie.douban.com/subject/34911053/,9,"剧情,动作,悬疑",3,用情过盛，多倍速过剧情,,2020-04-08 01:02:50,2020 / 西班牙 / 剧情 动作 悬疑 犯罪 / 亚历克斯·罗德里戈 科尔多·塞拉 嘉维尔·昆塔斯 / 乌苏拉·科尔维罗 阿尔瓦罗·莫奇
30292719,星际迷航：皮卡德 第一季,,https://dou.img.lithub.cc/movie/30292719.jpg,2020-01-23(美国),https://movie.douban.com/subject/30292719/,8.2,"剧情,科幻",4,最最后，再活一万年？,,2020-04-01 11:48:00,2020 / 美国 / 剧情 科幻 / 乔纳森·弗雷克斯 汉内尔 M.卡普珀 / 帕特里克·斯图尔特 桑地亚哥·卡布瑞拉
30206389,西部世界 第三季,,https://dou.img.lithub.cc/movie/30206389.jpg,2020-03-15(美国),https://movie.douban.com/subject/30206389/,8.2,"剧情,科幻,悬疑",5,,,2020-03-23 20:31:16,2020 / 美国 / 剧情 科幻 悬疑 西部 / 乔纳森·诺兰 詹妮弗·盖辛格 理查德·J·刘易斯 保罗·卡梅隆 安娜·福斯特 阿曼达·马尔萨利斯 海伦·谢费 / 埃文·蕾切尔·伍德 坦迪·牛顿
30306401,王国 第二季,,https://dou.img.lithub.cc/movie/30306401.jpg,2020-03-13(韩国),https://movie.douban.com/subject/30306401/,8.3,"剧情,恐怖,古装",5,,,2020-03-18 23:54:46,2020 / 美国 韩国 / 剧情 恐怖 古装 / 金成勋 朴仁载 / 朱智勋 裴斗娜
26947951,王国 第一季,,https://dou.img.lithub.cc/movie/26947951.jpg,2019-01-25(韩国),https://movie.douban.com/subject/26947951/,8.6,"剧情,恐怖,古装",5,,,2020-03-18 23:54:28,2019 / 美国 韩国 / 剧情 恐怖 古装 / 金成勋 / 朱智勋 裴斗娜
30160347,零零零,,https://dou.img.lithub.cc/movie/30160347.jpg,2019-09-05(威尼斯电影节),https://movie.douban.com/subject/30160347/,9.1,"剧情,犯罪",4,赚钱风险真高,,2020-03-14 00:58:57,2019 / 意大利 / 剧情 犯罪 / 扬努斯·梅兹 巴勃罗·特拉佩罗 斯特法诺·索利马 / 安德丽娅·赖斯伯勒 戴恩·德哈恩
30331959,黑水,,https://dou.img.lithub.cc/movie/30331959.jpg,2019-11-22(美国点映),https://movie.douban.com/subject/30331959/,8.6,剧情,4,白晃晃地黑,,2020-03-12 14:29:44,2019 / 美国 / 剧情 / 托德·海因斯 / 马克·鲁弗洛 安妮·海瑟薇
1300299,杀人回忆,,https://dou.img.lithub.cc/movie/1300299.jpg,2003-05-02(韩国),https://movie.douban.com/subject/1300299/,8.9,"剧情,动作,悬疑",4,谁在回忆呢，如果是杀手，真是罪恶,,2020-02-29 21:11:40,2003 / 韩国 / 剧情 动作 悬疑 惊悚 犯罪 / 奉俊昊 / 宋康昊 金相庆
30252495,1917,,https://dou.img.lithub.cc/movie/30252495.jpg,2020-08-07(中国大陆),https://movie.douban.com/subject/30252495/,8.5,"剧情,战争",4,小卷福说，滚吧，还呆在这干什么！,,2020-02-18 09:55:34,2019 / 美国 英国 印度 西班牙 加拿大 中国大陆 / 剧情 战争 / 萨姆·门德斯 / 乔治·麦凯 迪恩-查尔斯·查普曼
30183610,纸钞屋 第二季,,https://dou.img.lithub.cc/movie/30183610.jpg,2018-04-06(西班牙),https://movie.douban.com/subject/30183610/,8.2,"动作,悬疑,犯罪",,,,2020-02-16 01:19:33,2018 / 西班牙 / 动作 悬疑 犯罪 / 乌苏拉·科尔维罗 帕科·图斯
27185036,纸钞屋 第一季,,https://dou.img.lithub.cc/movie/27185036.jpg,2017-05-02(西班牙),https://movie.douban.com/subject/27185036/,8.6,"剧情,动作,悬疑",,,,2020-02-16 01:19:31,2017 / 西班牙 / 剧情 动作 悬疑 / 阿莱克斯·皮纳 / 乌苏拉·科尔维罗 伊西娅尔·伊图诺
30201281,纸钞屋 第三季,,https://dou.img.lithub.cc/movie/30201281.jpg,2019-07-19(西班牙),https://movie.douban.com/subject/30201281/,9,"动作,悬疑,惊悚",5,,,2020-02-16 01:19:17,2019 / 西班牙 / 动作 悬疑 惊悚 犯罪 / 杰斯·科尔梅纳 / 乌苏拉·科尔维罗 伊西娅尔·伊图诺
4301043,传染病,,https://dou.img.lithub.cc/movie/4301043.jpg,2011-09-03(威尼斯电影节),https://movie.douban.com/subject/4301043/,7.1,"剧情,科幻,惊悚",4,有疫苗的情况下，也如此，没有疫苗呢？,,2020-02-10 22:35:53,2011 / 美国 阿联酋 / 剧情 科幻 惊悚 灾难 / 史蒂文·索德伯格 / 玛丽昂·歌迪亚 马特·达蒙
6538866,极速车王,,https://dou.img.lithub.cc/movie/6538866.jpg,2020-08-07(中国大陆),https://movie.douban.com/subject/6538866/,8.5,"剧情,传记,运动",4,你以为有主角光环，主角总能从烈火中爬出来……,,2020-02-06 08:59:16,2019 / 美国 / 剧情 传记 运动 / 詹姆斯·曼高德 / 马特·达蒙 克里斯蒂安·贝尔
26581181,血疫 第一季,,https://dou.img.lithub.cc/movie/26581181.jpg,2019-05-27(美国),https://movie.douban.com/subject/26581181/,8.1,"剧情,惊悚",3,男主光环，女主不美！,,2020-01-30 16:04:00,2019 / 美国 / 剧情 惊悚 / 迈克尔·乌彭达尔 / 朱丽安娜· 玛格丽丝 诺亚·艾默里奇
30394535,被光抓走的人,,https://dou.img.lithub.cc/movie/30394535.jpg,2019-12-13(中国大陆),https://movie.douban.com/subject/30394535/,6.9,"剧情,爱情,科幻",2,不能简简单单讲好一个故事吗,,2020-01-20 22:39:32,2019 / 中国大陆 / 剧情 爱情 科幻 / 董润年 / 黄渤 王珞丹
21941283,未知电影,,https://dou.img.lithub.cc/movie/21941283.jpg,,https://movie.douban.com/subject/21941283/,0,,4,能拍出来已异常佩服,,2020-01-20 19:31:28,
24716039,星际探索,,https://dou.img.lithub.cc/movie/24716039.jpg,2019-12-05(中国大陆),https://movie.douban.com/subject/24716039/,6.8,"科幻,冒险",2,探索了啥？,,2019-12-08 08:27:17,2019 / 美国 巴西 中国大陆 / 科幻 冒险 / 詹姆斯·格雷 / 布拉德·皮特 汤米·李·琼斯
30327842,82年生的金智英,,https://dou.img.lithub.cc/movie/30327842.jpg,2019-11-07(中国香港),https://movie.douban.com/subject/30327842/,8.6,剧情,5,韩式的“不治之病”遇到温情坚强的女主人,,2019-12-07 14:29:30,2019 / 韩国 / 剧情 / 金度英 / 郑有美 孔刘
27595272,冰峰暴,,https://dou.img.lithub.cc/movie/27595272.jpg,2019-11-29(中国大陆),https://movie.douban.com/subject/27595272/,4.3,"动作,灾难",1,,,2019-11-29 21:55:39,2019 / 中国大陆 / 动作 灾难 / 余非 / 张静初 役所广司
3097572,双子杀手,,https://dou.img.lithub.cc/movie/3097572.jpg,2019-10-18(中国大陆),https://movie.douban.com/subject/3097572/,6.8,"剧情,动作,科幻",3,,,2019-11-29 21:55:19,2019 / 美国 中国大陆 / 剧情 动作 科幻 / 李安 / 威尔·史密斯 玛丽·伊丽莎白·温斯特德
27119724,小丑,,https://dou.img.lithub.cc/movie/27119724.jpg,2019-08-31(威尼斯电影节),https://movie.douban.com/subject/27119724/,8.7,"剧情,惊悚,犯罪",5,哈哈哈，哈哈，哈……,,2019-11-29 21:53:10,2019 / 美国 加拿大 / 剧情 惊悚 犯罪 / 托德·菲利普斯 / 华金·菲尼克斯 罗伯特·德尼罗
26709258,罗小黑战记,,https://dou.img.lithub.cc/movie/26709258.jpg,2019-09-07(中国大陆),https://movie.douban.com/subject/26709258/,8,"动作,动画,奇幻",3,悲剧中的喜剧,,2019-11-05 21:02:29,2019 / 中国大陆 / 动作 动画 奇幻 / 木头 / 山新 郝祥海
27035542,花生酱猎鹰,,https://dou.img.lithub.cc/movie/27035542.jpg,2019-03-09(西南偏南电影节),https://movie.douban.com/subject/27035542/,7.4,"剧情,喜剧,冒险",5,我们很像,,2019-11-02 14:19:03,2019 / 美国 / 剧情 喜剧 冒险 / 泰勒·尼尔森 迈克·舒瓦茨 / 希亚·拉博夫 达科塔·约翰逊
30156074,金宵大厦,,https://dou.img.lithub.cc/movie/30156074.jpg,2019-09-16(中国香港),https://movie.douban.com/subject/30156074/,8.4,"剧情,悬疑,奇幻",4,港版黑镜,,2019-10-26 15:30:15,2019 / 中国香港 / 剧情 悬疑 奇幻 / 叶镇辉 / 陈山聪 李施嬅
30334073,调音师,,https://dou.img.lithub.cc/movie/30334073.jpg,2019-04-03(中国大陆),https://movie.douban.com/subject/30334073/,8.2,"喜剧,悬疑,惊悚",5,最后一幕再反转，忍不住鼓掌,,2019-10-05 21:38:50,2018 / 印度 / 喜剧 悬疑 惊悚 犯罪 / 斯里兰姆·拉格万 / 阿尤斯曼·库拉纳 塔布
7059671,最佳出价,,https://dou.img.lithub.cc/movie/7059671.jpg,2013-01-01(意大利),https://movie.douban.com/subject/7059671/,8.4,"剧情,爱情,悬疑",4,选择事业还是爱情，毫不犹豫是后者，为爱付其一生，悲哀中透露着美好,,2019-10-03 16:54:42,2013 / 意大利 / 剧情 爱情 悬疑 / 朱塞佩·托纳多雷 / 杰弗里·拉什 吉姆·斯特吉斯
27180759,送我上青云,,https://dou.img.lithub.cc/movie/27180759.jpg,2019-08-16(中国大陆),https://movie.douban.com/subject/27180759/,7,剧情,4,意向够足,,2019-10-03 16:51:03,2019 / 中国大陆 / 剧情 / 滕丛丛 / 姚晨 袁弘
30122641,难以置信,,https://dou.img.lithub.cc/movie/30122641.jpg,2019-09-13(美国),https://movie.douban.com/subject/30122641/,9.2,"剧情,犯罪",5,一定程度上社会的发展基于利己之心，这有形无形中对他人造成的伤害无法估量,,2019-09-22 13:50:07,2019 / 美国 / 剧情 犯罪 / 丽莎·查罗登科 迈克尔·丁纳 苏珊娜·格兰特 / 梅里特·韦弗 托妮·科莱特
34807113,走进比尔：解码比尔·盖茨,,https://dou.img.lithub.cc/movie/34807113.jpg,2019-09-20(美国),https://movie.douban.com/subject/34807113/,9.1,纪录片,5,离开微软没有减速，而是加速改变世界。,,2019-09-22 13:43:17,2019 / 美国 / 纪录片 / 戴维斯·古根海姆 / 比尔·盖茨 梅琳达·盖茨
26931786,蜘蛛侠：英雄远征,,https://dou.img.lithub.cc/movie/26931786.jpg,2019-06-28(中国大陆),https://movie.douban.com/subject/26931786/,7.6,"动作,科幻,冒险",4,,,2019-09-13 22:47:47,2019 / 美国 / 动作 科幻 冒险 / 乔·沃茨 / 汤姆·赫兰德 赞达亚
30164448,海市蜃楼,,https://dou.img.lithub.cc/movie/30164448.jpg,2019-03-28(中国大陆),https://movie.douban.com/subject/30164448/,7.6,"科幻,悬疑,惊悚",5,大赢家,,2019-08-16 23:01:36,2018 / 西班牙 / 科幻 悬疑 惊悚 / 奥里奥尔·保罗 / 阿德里亚娜·乌加特 奇诺·达林
27191431,过春天,,https://dou.img.lithub.cc/movie/27191431.jpg,2019-03-15(中国大陆),https://movie.douban.com/subject/27191431/,7.7,剧情,4,船上的瞬间，荷尔蒙激发,,2019-08-16 22:50:46,2018 / 中国大陆 / 剧情 / 白雪 / 黄尧 孙阳
30140231,沦落人,,https://dou.img.lithub.cc/movie/30140231.jpg,2019-04-11(中国香港),https://movie.douban.com/subject/30140231/,8.2,剧情,3,不切实际的沦落生活,,2019-08-16 22:46:50,2018 / 中国香港 / 剧情 / 陈小娟 / 黄秋生 克里瑟尔·孔松希
26842702,燃烧,,https://dou.img.lithub.cc/movie/26842702.jpg,2018-05-16(戛纳电影节),https://movie.douban.com/subject/26842702/,8.1,"剧情,悬疑,犯罪",3,浓浓意象，不合口味，想看个简单完整的故事。,,2019-08-10 09:35:38,2018 / 韩国 / 剧情 悬疑 犯罪 / 李沧东 / 刘亚仁 史蒂文·元
27010768,寄生虫,,https://dou.img.lithub.cc/movie/27010768.jpg,2019-05-21(戛纳电影节),https://movie.douban.com/subject/27010768/,8.8,剧情,3,还想着底下男的是由男主人导致的，真倒霉,,2019-08-08 19:26:59,2019 / 韩国 / 剧情 / 奉俊昊 / 宋康昊 李善均
26794435,哪吒之魔童降世,,https://dou.img.lithub.cc/movie/26794435.jpg,2019-07-26(中国大陆),https://movie.douban.com/subject/26794435/,8.4,"剧情,喜剧,动画",4,画面惊艳到，打斗场面偏多，剧情交代为主,,2019-07-26 16:59:37,2019 / 中国大陆 / 剧情 喜剧 动画 奇幻 / 饺子 / 吕艳婷 囧森瑟夫
26849758,长安十二时辰,,https://dou.img.lithub.cc/movie/26849758.jpg,2019-06-27(中国大陆),https://movie.douban.com/subject/26849758/,8.1,"剧情,悬疑,古装",3,古代版的 二十四小时，对小说还原度高。已看30集，无味,,2019-07-03 10:28:57,2019 / 中国大陆 / 剧情 悬疑 古装 / 曹盾 / 雷佳音 易烊千玺
26794701,孟买酒店,,https://dou.img.lithub.cc/movie/26794701.jpg,2018-09-07(多伦多电影节),https://movie.douban.com/subject/26794701/,8.4,"剧情,惊悚,历史",4,发指,,2019-06-21 23:41:06,2018 / 澳大利亚 美国 印度 / 剧情 惊悚 历史 / 安东尼·马拉斯 / 艾米·汉莫 纳赞宁·波妮阿蒂
30269908,圆桌派 第四季,,https://dou.img.lithub.cc/movie/30269908.jpg,2019-06-17(中国大陆),https://movie.douban.com/subject/30269908/,8.6,脱口秀,5,听着看着一小时都觉得舒服,,2019-06-20 21:56:33,2019 / 中国大陆 / 脱口秀 / 苏雷 / 窦文涛 周迅
27039358,蜂鸟计划,,https://dou.img.lithub.cc/movie/27039358.jpg,2021-01-29(中国大陆),https://movie.douban.com/subject/27039358/,7,剧情,3,,,2019-06-19 21:41:28,2018 / 加拿大 比利时 / 剧情 / 阮金 / 杰西·艾森伯格 亚历山大·斯卡斯加德
27200836,第二十二条军规,,https://dou.img.lithub.cc/movie/27200836.jpg,2019-05-17(美国),https://movie.douban.com/subject/27200836/,8.7,"剧情,喜剧,战争",5,该咋咋滴,,2019-06-09 00:36:57,2019 / 美国 / 剧情 喜剧 战争 / 乔治·克鲁尼 格兰特·赫斯洛夫 艾伦·库拉斯 / 克里斯托弗·阿波特 凯尔·钱德勒
30161936,黑镜 第五季,,https://dou.img.lithub.cc/movie/30161936.jpg,2019-06-05(美国),https://movie.douban.com/subject/30161936/,6.9,"剧情,科幻,惊悚",3,,,2019-06-08 14:10:28,2019 / 美国 / 剧情 科幻 惊悚 / 詹姆斯·哈维斯 / 安德鲁·斯科特 麦莉·赛勒斯
30181230,我们与恶的距离,,https://dou.img.lithub.cc/movie/30181230.jpg,2019-03-24(中国台湾),https://movie.douban.com/subject/30181230/,9.4,剧情,5,理性很难,,2019-04-10 00:23:03,2019 / 中国台湾 / 剧情 / 林君阳 / 贾静雯 温升豪
30424374,爱，死亡和机器人 第一季,,https://dou.img.lithub.cc/movie/30424374.jpg,2019-03-15(美国),https://movie.douban.com/subject/30424374/,9.2,"喜剧,科幻,动画",4,一时刷剧一时爽，一直刷剧一直爽,,2019-03-29 23:07:08,2019 / 美国 / 喜剧 科幻 动画 恐怖 奇幻 / 维克多·马尔多纳多 加布里埃尔·彭纳基奥利 阿尔弗雷多·托雷斯 弗兰克·巴尔森 阿尔贝托·米尔戈 蒂姆·米勒 达米安·纽诺 杰罗姆·陈 维塔利·舒舒科 欧文·沙利文 罗伯特·瓦利 戴夫·威尔逊 乔恩·叶 哈维尔·雷西奥·格雷西亚 / 斯科特·怀特 诺兰·诺斯
26715636,地久天长,,https://dou.img.lithub.cc/movie/26715636.jpg,2019-03-22(中国大陆),https://movie.douban.com/subject/26715636/,8,"剧情,家庭",5,善良的导演，最后终于给了一点温暖,,2019-03-23 15:41:32,2019 / 中国大陆 / 剧情 家庭 / 王小帅 / 王景春 咏梅
26684528,库尔斯克,,https://dou.img.lithub.cc/movie/26684528.jpg,2018-09-06(多伦多电影节),https://movie.douban.com/subject/26684528/,6.9,"剧情,历史,灾难",3,你以为救援有望，也只是你以为！,,2019-03-15 22:28:36,2018 / 法国 比利时 卢森堡 / 剧情 历史 灾难 / 托马斯·温特伯格 / 科林·费尔斯 蕾雅·赛杜
25986662,疯狂的外星人,,https://dou.img.lithub.cc/movie/25986662.jpg,2019-02-05(中国大陆),https://movie.douban.com/subject/25986662/,6.4,"喜剧,科幻",2,扯犊子,,2019-03-09 23:54:03,2019 / 中国大陆 / 喜剧 科幻 / 宁浩 / 黄渤 沈腾
26816076,“大”人物,,https://dou.img.lithub.cc/movie/26816076.jpg,2019-01-10(中国大陆),https://movie.douban.com/subject/26816076/,6.4,"动作,犯罪",3,赶紧出门看原版,,2019-03-08 20:35:07,2019 / 中国大陆 / 动作 犯罪 / 五百 / 王千源 包贝尔
27060077,绿皮书,,https://dou.img.lithub.cc/movie/27060077.jpg,2019-03-01(中国大陆),https://movie.douban.com/subject/27060077/,8.9,"剧情,喜剧,音乐",4,不黑不白自我孤独温情默默,,2019-03-08 18:05:58,2018 / 美国 中国大陆 / 剧情 喜剧 音乐 传记 / 彼得·法雷里 / 维果·莫腾森 马赫沙拉·阿里
30331149,白蛇：缘起,,https://dou.img.lithub.cc/movie/30331149.jpg,2019-01-11(中国大陆),https://movie.douban.com/subject/30331149/,7.8,"爱情,动画,奇幻",4,当年过仙剑的感觉，自觉投入情感,,2019-03-05 23:01:06,2019 / 中国大陆 美国 / 爱情 动画 奇幻 / 黄家康 赵霁 / 张喆 杨天翔
20438964,无敌破坏王2：大闹互联网,,https://dou.img.lithub.cc/movie/20438964.jpg,2018-11-23(中国大陆),https://movie.douban.com/subject/20438964/,8,"喜剧,动画,奇幻",4,疗愈,,2019-03-02 15:31:14,2018 / 美国 / 喜剧 动画 奇幻 冒险 / 菲尔·约翰斯顿 瑞奇·摩尔 / 约翰·C·赖利 萨拉·西尔弗曼
4139917,数学的故事,,https://dou.img.lithub.cc/movie/4139917.jpg,2008-10-06(英国),https://movie.douban.com/subject/4139917/,9,纪录片,5,,,2019-02-12 15:08:36,2008 / 英国 / 纪录片 / 马库斯·杜·桑托伊 Christopher Anagnostakis
26266893,流浪地球,,https://dou.img.lithub.cc/movie/26266893.jpg,2019-02-05(中国大陆),https://movie.douban.com/subject/26266893/,7.9,"科幻,冒险,灾难",4,比原著多了很多细节，增强了不少故事性，但整体而言剧情还是直,,2019-02-11 21:38:58,2019 / 中国大陆 / 科幻 冒险 灾难 / 郭帆 / 吴京 屈楚萧
27119586,谁先爱上他的,,https://dou.img.lithub.cc/movie/27119586.jpg,2018-11-02(中国台湾),https://movie.douban.com/subject/27119586/,8.6,"剧情,喜剧,同性",5,从孩子视角出发，理解“死不认错的大人们”的逻辑，爱，真难。,,2019-02-10 15:43:46,2018 / 中国台湾 / 剧情 喜剧 同性 / 徐誉庭 许智彦 / 邱泽 谢盈萱
30163509,飞驰人生,,https://dou.img.lithub.cc/movie/30163509.jpg,2019-02-05(中国大陆),https://movie.douban.com/subject/30163509/,6.9,喜剧,2,讲得什么故事,,2019-02-05 23:25:40,2019 / 中国大陆 / 喜剧 / 韩寒 / 沈腾 黄景瑜
20425292,私人战争,,https://dou.img.lithub.cc/movie/20425292.jpg,2018-09-07(多伦多电影节),https://movie.douban.com/subject/20425292/,7.1,"剧情,传记,战争",3,si，ren,,2019-02-04 00:31:47,2018 / 美国 / 剧情 传记 战争 / 马修·海涅曼 / 裴淳华 詹米·多南
4920389,头号玩家,,https://dou.img.lithub.cc/movie/4920389.jpg,2018-03-30(中国大陆),https://movie.douban.com/subject/4920389/,8.7,"动作,科幻,冒险",5,,,2019-02-02 00:18:27,2018 / 美国 / 动作 科幻 冒险 / 史蒂文·斯皮尔伯格 / 泰伊·谢里丹 奥利维亚·库克
5300054,波西米亚狂想曲,,https://dou.img.lithub.cc/movie/5300054.jpg,2019-03-22(中国大陆),https://movie.douban.com/subject/5300054/,8.6,"剧情,同性,音乐",5,,,2019-01-26 23:22:26,2018 / 英国 美国 / 剧情 同性 音乐 传记 / 布莱恩·辛格 / 拉米·马雷克 本·哈迪
27191492,四个春天,,https://dou.img.lithub.cc/movie/27191492.jpg,2019-01-04(中国大陆),https://movie.douban.com/subject/27191492/,8.8,"纪录片,家庭",4,,,2019-01-25 22:46:48,2017 / 中国大陆 / 纪录片 家庭 / 陆庆屹 / 陆运坤 李桂贤
30414462,黑镜：潘达斯奈基,,https://dou.img.lithub.cc/movie/30414462.jpg,2018-12-28(美国),https://movie.douban.com/subject/30414462/,6.9,"剧情,科幻,悬疑",3,电影版失去了选择，看得云里雾里,,2019-01-13 20:23:27,2018 / 英国 美国 / 剧情 科幻 悬疑 惊悚 / 大卫·斯雷德 / 菲恩·怀特海德 克雷格·帕金森
27113517,血观音,,https://dou.img.lithub.cc/movie/27113517.jpg,2017-11-24(中国台湾),https://movie.douban.com/subject/27113517/,8.5,"剧情,悬疑",,,,2019-01-11 21:23:01,2017 / 中国台湾 / 剧情 悬疑 / 杨雅喆 / 惠英红 吴可熙
26366496,邪不压正,,https://dou.img.lithub.cc/movie/26366496.jpg,2018-07-13(中国大陆),https://movie.douban.com/subject/26366496/,7,"剧情,喜剧,动作",3,终于能看懂那么一点点,,2018-12-06 22:18:02,2018 / 中国大陆 / 剧情 喜剧 动作 / 姜文 / 彭于晏 廖凡
27110296,无名之辈,,https://dou.img.lithub.cc/movie/27110296.jpg,2018-11-16(中国大陆),https://movie.douban.com/subject/27110296/,8,"剧情,喜剧",3,⭐给演员,,2018-12-01 23:33:43,2018 / 中国大陆 / 剧情 喜剧 / 饶晓志 / 陈建斌 任素汐
27172891,大象席地而坐,,https://dou.img.lithub.cc/movie/27172891.jpg,2018-02-16(柏林电影节),https://movie.douban.com/subject/27172891/,8.1,剧情,3,咳，无解,,2018-11-01 00:25:19,2018 / 中国大陆 / 剧情 / 胡波 / 彭昱畅 章宇
27087625,地球脉动2：奇迹世界,,https://dou.img.lithub.cc/movie/27087625.jpg,2017-01-01(英国),https://movie.douban.com/subject/27087625/,9.7,纪录片,5,,,2018-10-27 14:19:34,2017 / 英国 / 纪录片 / 大卫·爱登堡
27040853,协商,,https://dou.img.lithub.cc/movie/27040853.jpg,2018-09-19(韩国),https://movie.douban.com/subject/27040853/,7.1,"动作,悬疑,犯罪",3,光看脸了,,2018-10-22 00:29:04,2018 / 韩国 / 动作 悬疑 犯罪 / 李钟奭 / 孙艺珍 玄彬
27615441,网络谜踪,,https://dou.img.lithub.cc/movie/27615441.jpg,2018-12-14(中国大陆),https://movie.douban.com/subject/27615441/,8.5,"剧情,悬疑,惊悚",5,为人父母看不得,,2018-10-13 23:32:34,2018 / 美国 俄罗斯 / 剧情 悬疑 惊悚 犯罪 / 阿尼什·查甘蒂 / 约翰·赵 米切尔·拉
27621727,遗传厄运,,https://dou.img.lithub.cc/movie/27621727.jpg,2018-01-21(圣丹斯电影节),https://movie.douban.com/subject/27621727/,7.3,恐怖,2,没吓着,,2018-09-24 07:21:38,2018 / 美国 / 恐怖 / 阿里·艾斯特 / 亚历克斯·沃尔夫 加布里埃尔·伯恩
26384741,湮灭,,https://dou.img.lithub.cc/movie/26384741.jpg,2018-04-13(中国大陆),https://movie.douban.com/subject/26384741/,7.2,"剧情,科幻,惊悚",3,看女主,,2018-09-23 20:33:49,2018 / 美国 英国 / 剧情 科幻 惊悚 / 亚历克斯·加兰 / 娜塔莉·波特曼 詹妮弗·杰森·李
26647117,暴裂无声,,https://dou.img.lithub.cc/movie/26647117.jpg,2018-04-04(中国大陆),https://movie.douban.com/subject/26647117/,8.2,"剧情,悬疑,犯罪",5,,,2018-09-23 20:32:45,2017 / 中国大陆 / 剧情 悬疑 犯罪 / 忻钰坤 / 宋洋 姜武
30201003,寄宿学校,,https://dou.img.lithub.cc/movie/30201003.jpg,2018-08-31(美国),https://movie.douban.com/subject/30201003/,7.3,"悬疑,恐怖",4,影片名取得够含蓄,,2018-09-23 09:26:09,2018 / 美国 / 悬疑 恐怖 / 鲍兹·亚金 / 卢克·普拉尔 斯特林·杰里斯
26336252,碟中谍6：全面瓦解,,https://dou.img.lithub.cc/movie/26336252.jpg,2018-08-31(中国大陆),https://movie.douban.com/subject/26336252/,8.1,"动作,惊悚,冒险",4,,,2018-09-15 22:36:57,2018 / 美国 中国大陆 法国 挪威 英国 / 动作 惊悚 冒险 / 克里斯托弗·麦奎里 / 汤姆·克鲁斯 亨利·卡维尔
26985127,一出好戏,,https://dou.img.lithub.cc/movie/26985127.jpg,2018-08-10(中国大陆),https://movie.douban.com/subject/26985127/,7.1,"剧情,喜剧",3,太长,,2018-08-17 00:59:57,2018 / 中国大陆 / 剧情 喜剧 / 黄渤 / 黄渤 舒淇
27093707,升级,,https://dou.img.lithub.cc/movie/27093707.jpg,2018-03-10(西南偏南电影节),https://movie.douban.com/subject/27093707/,8.2,"动作,科幻,惊悚",4,谁升级了谁,,2018-08-17 00:41:45,2018 / 美国 澳大利亚 / 动作 科幻 惊悚 / 雷·沃纳尔 / 罗根·马歇尔-格林 梅拉里·沃列何
24750126,荒蛮故事,,https://dou.img.lithub.cc/movie/24750126.jpg,2014-05-17(戛纳电影节),https://movie.douban.com/subject/24750126/,8.8,"剧情,喜剧,犯罪",5,,,2018-08-08 21:27:54,2014 / 阿根廷 西班牙 / 剧情 喜剧 犯罪 / 达米安·斯兹弗隆 / 达里奥·格兰迪内蒂 玛丽娅·玛努尔
27622447,小偷家族,,https://dou.img.lithub.cc/movie/27622447.jpg,2018-08-03(中国大陆),https://movie.douban.com/subject/27622447/,8.7,"剧情,家庭,犯罪",4,人与人之间的关系是靠什么联系在一起的呢？,,2018-08-07 22:10:15,2018 / 日本 / 剧情 家庭 犯罪 / 是枝裕和 / 中川雅也 安藤樱
25882296,狄仁杰之四大天王,,https://dou.img.lithub.cc/movie/25882296.jpg,2018-07-27(中国大陆),https://movie.douban.com/subject/25882296/,6.1,"动作,悬疑,奇幻",2,此系列，可弃,,2018-07-29 00:51:03,2018 / 中国大陆 中国香港 / 动作 悬疑 奇幻 武侠 古装 / 徐克 / 赵又廷 冯绍峰
27040844,人生一串 第一季,,https://dou.img.lithub.cc/movie/27040844.jpg,2018-06-20(中国大陆),https://movie.douban.com/subject/27040844/,8.9,纪录片,5,饿eeeeeee,,2018-07-21 17:13:48,2018 / 中国大陆 / 纪录片 / 陈英杰 刘执戈 金颖 张岳明 赵云泽 李根
26752088,我不是药神,,https://dou.img.lithub.cc/movie/26752088.jpg,2018-07-05(中国大陆),https://movie.douban.com/subject/26752088/,9,"剧情,喜剧",5,除去渲染需要的情节，其余为导演主演点赞！,,2018-07-07 13:12:25,2018 / 中国大陆 / 剧情 喜剧 / 文牧野 / 徐峥 王传君
26925317,动物世界,,https://dou.img.lithub.cc/movie/26925317.jpg,2018-06-29(中国大陆),https://movie.douban.com/subject/26925317/,7.2,"剧情,动作,冒险",2,毫无实质,,2018-07-03 00:59:52,2018 / 中国大陆 / 剧情 动作 冒险 / 韩延 / 李易峰 迈克尔·道格拉斯
26930375,凭空而来,,https://dou.img.lithub.cc/movie/26930375.jpg,2017-05-26(戛纳电影节),https://movie.douban.com/subject/26930375/,7.4,"剧情,犯罪",4,无知，真知，谁知。,,2018-05-03 22:42:57,2017 / 德国 法国 / 剧情 犯罪 / 法提赫·阿金 / 黛安·克鲁格 丹尼斯·莫斯奇托
26603666,妈妈咪鸭,,https://dou.img.lithub.cc/movie/26603666.jpg,2018-03-09(中国大陆),https://movie.douban.com/subject/26603666/,7,"喜剧,动画,家庭",4,,,2018-05-03 20:47:50,2018 / 中国大陆 美国 / 喜剧 动画 家庭 冒险 / 赵锐 克里斯托弗·詹金斯 / 赵路 武皓栋
20435622,环太平洋：雷霆再起,,https://dou.img.lithub.cc/movie/20435622.jpg,2018-03-23(中国大陆),https://movie.douban.com/subject/20435622/,5.4,"动作,科幻,冒险",2,,,2018-04-25 22:37:17,2018 / 英国 中国大陆 日本 美国 墨西哥 / 动作 科幻 冒险 / 斯蒂文·S·迪奈特 / 约翰·博耶加 卡莉·史派妮
7056414,通勤营救,,https://dou.img.lithub.cc/movie/7056414.jpg,2018-03-30(中国大陆),https://movie.douban.com/subject/7056414/,6.5,"动作,惊悚,犯罪",4,,,2018-04-13 00:04:05,2018 / 美国 英国 / 动作 惊悚 犯罪 / 佐米·希尔拉 / 连姆·尼森 维拉·法米加
26861685,红海行动,,https://dou.img.lithub.cc/movie/26861685.jpg,2018-02-16(中国大陆),https://movie.douban.com/subject/26861685/,8.2,"动作,战争",4,,,2018-03-09 07:49:02,2018 / 中国大陆 中国香港 / 动作 战争 / 林超贤 / 张译 黄景瑜
26657126,不成问题的问题,,https://dou.img.lithub.cc/movie/26657126.jpg,2017-11-21(中国大陆),https://movie.douban.com/subject/26657126/,8.1,剧情,4,,,2018-03-01 22:26:13,2016 / 中国大陆 法国 / 剧情 / 梅峰 / 范伟 殷桃
27059130,大佛普拉斯,,https://dou.img.lithub.cc/movie/27059130.jpg,2017-10-13(中国台湾),https://movie.douban.com/subject/27059130/,8.7,"剧情,喜剧",4,,,2018-02-22 00:13:37,2017 / 中国台湾 / 剧情 喜剧 / 黄信尧 / 庄益增 陈竹升
26965165,马斯顿教授与神奇女侠,,https://dou.img.lithub.cc/movie/26965165.jpg,2017-09-09(多伦多电影节),https://movie.douban.com/subject/26965165/,7.9,"剧情,爱情,同性",5,真实事件改编，服,,2018-02-06 22:14:44,2017 / 美国 / 剧情 爱情 同性 传记 / 安吉拉·罗宾森 / 卢克·伊万斯 丽贝卡·豪尔
25814668,副本 第一季,,https://dou.img.lithub.cc/movie/25814668.jpg,2018-02-02(美国),https://movie.douban.com/subject/25814668/,7.7,"剧情,科幻,惊悚",4,剧情前半部分紧凑，后部分太撤,,2018-02-05 00:06:31,2018 / 美国 / 剧情 科幻 惊悚 / 乌塔·布里兹维茨 彼得·霍尔 尼克·赫伦 安迪·戈达德 艾利克斯·格雷夫斯 米格尔·萨普什尼克 / 乔尔·金纳曼 詹姆斯·鲍弗
20495023,寻梦环游记,,https://dou.img.lithub.cc/movie/20495023.jpg,2017-11-24(中国大陆),https://movie.douban.com/subject/20495023/,9.1,"喜剧,动画,音乐",5,,,2018-02-02 16:10:13,2017 / 美国 / 喜剧 动画 音乐 奇幻 / 李·昂克里奇 阿德里安·莫利纳 / 安东尼·冈萨雷斯 盖尔·加西亚·贝纳尔